Unnamed: 0,ID,Name,Age,Email,Join Date,Salary,Department
5,f92ea13f-24d3-4792-91e4-5b0e07d90c2c,Lisa Bailey,81.0,milleryvonne@fowler-york.com,2016-10-15,123018.0,Support
14,9b83a5e5-9516-493f-86f8-d6c445edb501,Nicole Cardenas,60.0,griffinlinda@harrison.com,2003-10-16,51625.81440265695,Marketing
16,241e20d7-cc36-495e-86c2-2928bbaa93d8,Mark Wilkins,54.0,longjennifer@parker.biz,1991-02-17,85794.0,Sales
23,13b6428a-ba54-4531-87a1-72c3c3ccf765,Laura Davis,60.0,garciaralph@hayes-hernandez.biz,1989-10-06,61209.0,Engineering
57,85fd1b76-fa4c-4b27-916b-69a68efd2f3c,Jason Stephens,54.0,parksandrea@brown.biz,2014-11-19,40452.54850449875,Marketing
73,1de0420a-7817-4810-824b-86c8d58ef4e0,Richard Estrada,87.0,sharpanthony@lawson.com,2019-05-30,140711.0,HR
74,ee302c6d-5164-4b86-bad1-b9624b44c130,Larry Mcpherson,23.0,austingillespie@gould-chapman.com,1972-05-17,75391.0,HR
77,994122b1-32e0-4220-83bc-d72267847a23,Richard Brown,45.0,erin29@garza.net,1979-04-04,90216.0,Marketing
170,c5fbfd84-8b5a-48e9-a739-8d903ebdd437,Kristen Moyer,52.0,gmartin@valentine.com,2015-08-23,80231.0,HR
173,78aaaf64-9a49-40b1-8968-bba324b58d2a,Alice Medina,46.0,craigfrederick@mitchell-perry.com,2010-04-08,99875.0,Sales
177,bf18d4cc-9c52-41f8-a032-b238c19b189a,Rodney Burns,53.0,millscourtney@reese.com,1971-09-05,140716.0,Sales
203,77b5b339-6777-4cf9-8369-a8f79189bcde,Brandi Fowlerreport,43.0,vlogan@herrera-rivas.org,2010-04-22,36232.01186133541,Marketing
273,175b94dc-565d-44fe-8893-92da19338b08,Jeremiah Parkereverybody,48.0,acarpenter@merritt-schmidt.com,2020-05-06,63006.0,Marketing
287,55ad5bbd-fea8-4aea-9c69-e31b982147a0,Michael Fox,32.0,david49@floyd-fox.biz,2021-09-05,120130.0,HR
295,98b7eead-4c2a-4019-abfa-0bafd436f175,Adam Howell,41.0,marshalldana@long.com,1978-12-30,58856.44452480306,HR
311,209dfef3-cab7-4790-b906-663e40b1848c,Mary Lawson,86.0,mcdonaldbrandon@dudley.org,1989-01-21,144087.0,Sales
400,bf257451-eede-4a85-9009-15c724228145,Susan Henderson Dds,79.0,pdennis@gates.com,2009-11-28,106097.0,Support
403,18061ff1-b388-4d24-9264-4fc68b0bbc94,Daniel Bender,90.0,floydkenneth@johnson-davis.com,2021-02-06,86243.0,Sales
415,be3ab0ce-1529-45dc-95cc-c7a27b5dc3d4,John Miranda,67.0,brooksmark@griffin.com,1970-03-22,118224.0,Engineering
428,bb6b863a-517b-4ebd-a5da-afddaade8e43,Lindsey Mccoybad,83.0,danielle89@wagner-nunez.com,2009-05-31,46327.0,Sales
431,6a720b04-1e98-4548-8b84-e016af2fcdc0,Mitchell Jamescarry,24.0,wanda92@cummings-harris.com,1978-04-14,141163.0,Engineering
437,455f475f-401d-431d-a85d-0da0b7db693a,Yolanda Cherry,29.0,joshua98@farley.org,2014-01-09,89526.0,Sales
467,89364b6e-c0de-40c1-974f-9f5a06fd7192,Andrew Fuller,82.0,butlerlogan@brown.org,2011-06-03,57710.0,Marketing
475,1a6eb7b5-fa6c-49ed-b669-94271095278b,Amber Bailey Dvm,88.0,hopkinswendy@williams.com,2020-09-25,35452.0,Marketing
537,0d73aec7-eec7-45c8-bf46-caedb6ee6bd1,Angel Anderson,22.0,hbarrett@stevens.net,1983-12-04,76078.0,Support
551,1f55ec76-0b42-4cef-8269-1bbaead86b20,Caitlin Thomas,54.0,wallskimberly@hernandez-stevens.org,2007-06-01,151820.42451846795,Marketing
556,179cfbfc-5bc1-492b-8d18-99b8ceec9163,Matthew Martinez,38.0,megancarpenter@jones-payne.org,1982-06-29,96782.0,Sales
582,475390f0-f39c-4682-98ef-db692cd510c7,Matthew Davis,69.0,bowmanann@hill-trevino.com,2012-10-09,71387.39652519328,HR
606,a15a46a2-cad7-404d-bd15-7092aee3e4ec,Derrick Garrisonhear,51.0,elizabeth00@robinson.com,2022-07-03,129293.5996013248,Engineering
625,1b96e948-b710-4023-8b29-8fc40498e0ce,Eric Miller,58.0,kruegerheather@harris.info,1986-09-12,64233.953886643016,Marketing
643,cd59a51d-506f-476d-a921-8795344d590e,Rachel Anderson,52.0,tammydavis@crane.com,1992-03-22,67197.0,Sales
653,f77f23ad-b22b-494e-95a4-e1af5f934ef8,John Collinsrather,43.0,cookalexis@kramer-turner.com,1983-02-16,79961.0,Support
657,b78c1f1d-6322-4b98-ab5a-c873134b5ae1,Michael White,28.0,lindseymartinez@huber.com,1982-07-29,53428.0,Engineering
665,f5abe0db-9150-41f8-8e80-feaefa228a6f,Keith Lewisseek,34.0,william94@flores.biz,2022-05-16,135368.86494151247,Engineering
668,dd8cba81-f307-42e5-9f04-546061a5bc2f,Ashley York,54.0,toddandrew@humphrey.com,1979-10-03,71247.0,Marketing
710,ed0bad44-da3d-4e2e-9d56-ebd5a70f6089,Vanessa Wright,39.0,agilbert@smith.com,1970-06-08,144294.80320373882,Sales
713,626a2263-ec0b-4433-b37a-ba87c849e6a7,Toni Stuart,79.0,timothy79@perez.com,1990-11-25,139946.0,Sales
729,238df655-df61-47c3-8703-67b55bb95cf0,Bradley Martin,51.0,ufarmer@johnson.com,1998-11-26,64903.99269701805,HR
732,2ad965bf-1293-4676-8641-63f13a33bf8a,Christopher Thompson,56.0,flemingchelsea@garza.org,1977-02-20,30390.0,Support
739,89c044a6-c25b-4cc6-b118-c05acc358a6c,Kristin Mcconnell,40.0,brianholmes@bishop-ward.info,1977-06-06,82390.0,Marketing
764,df689c00-a045-40a2-bce6-e8035c157a6c,Katherine Williams,62.0,christopher25@rodriguez.com,2013-01-11,107702.0,Engineering
776,30215581-9729-4184-88fa-21f87cbc1ed8,Ruth Jackson,41.0,vincent27@forbes.com,1991-10-24,54553.0,Sales
823,a68976ef-aae4-4970-9d45-e20c73a4e4bd,Steven Moore,60.0,xwilson@graham-smith.net,2021-06-29,52806.0,Sales
843,5de3ad20-6468-4db6-a5da-c14dbe230350,Joseph Mcintyreprotect,53.0,tylerstone@carter-wallace.com,2020-05-26,71094.0,Support
846,4704e557-fdbd-45f6-8ddd-1875387234b8,Phillip Roman,22.0,markwalker@gray.com,1975-10-24,145734.0,Sales
847,5e4db37f-574b-44c3-bd22-843675a54060,Jeffrey Rodriguez,37.0,amanda66@hansen.com,1995-05-02,127660.0,Sales
849,12c3a1b1-69fb-46c5-b602-e6b660c01abb,Brittany Maldonadoleader,76.0,valentinedawn@whitehead.com,1987-06-28,47245.0,Engineering
862,3c0f9908-be43-413a-bb38-82deb9b281da,Brandon Dixon,65.0,glarsen@martin.com,2017-06-12,70981.0,Marketing
867,5f286a2e-37b9-4266-ad8e-617f470a812a,Jeffrey Duncan,54.0,sheenalloyd@stanley-murray.com,1994-04-15,71978.0,Sales
875,1ea20a24-165f-4553-9698-aa4ef57d486d,Jasmin Bell Dvm,70.0,kunderwood@ruiz.com,1997-08-02,50009.0,Support
905,4a298ff1-c429-4ba5-9678-8b3acf55f34f,Benjamin Cherry,37.0,heather08@butler.com,2015-03-16,38351.0,Marketing
906,15317700-8aa8-4363-a8cd-335d26450201,David Ramos,50.0,kristinasmith@rose-mcclure.info,1970-03-03,128577.0,Sales
931,704e341a-120b-4b94-8b8e-a4bc6d17490c,Tanner Ayalaadd,25.0,mccoycraig@bryan.net,1987-04-04,146720.0,Marketing
967,be24af18-4afc-4e74-9f35-be3c7ff60206,Rebecca Johnson,84.0,suttonjoseph@williams.org,2017-09-18,129095.5081815501,Engineering
977,f94d6abe-e1d6-410d-9686-36f0dd67a3b4,Isaac Lecamera,73.0,robincastaneda@smith.com,1980-05-17,137534.0,Marketing
1010,d9a7ef7b-57ea-4ef4-ba1e-4f86e6964d4d,Charles Mccoy,68.0,jamesmckay@winters.com,1991-09-30,143943.0,Support
1027,679472cb-0c8e-4dc7-9c2f-40f13ec1241e,Elizabeth Davischoice,48.0,maria58@hammond.biz,2012-02-07,39695.08743456184,Sales
1070,fa0a5c89-8562-4694-b797-e750dabbfa6f,Troy Chandler,73.0,stacy71@bowers.com,1992-10-04,127038.0,Engineering
1095,d50a6736-c857-4c76-9617-c1f053791924,James Williams,34.0,harrisonguy@harrison-smith.com,1994-10-12,97485.0,Support
1299,789f427f-a8f2-498f-b363-bde0a5e9ecab,Kathleen Williamsonhuman,51.0,hfox@williams-johnson.com,2022-07-20,104481.0,Marketing
1305,798886aa-7f10-4afc-96bb-c5013b461a06,Matthew Crawford,41.0,jennifermoss@elliott.net,1982-10-21,102225.0,Sales
1310,3d2fb1b0-13fb-4c2e-a79a-193799f9d174,Michael Berrywrong,65.0,pedwards@murray.com,2000-03-23,148388.0,Marketing
1331,26ddccd1-9652-4ccd-857c-bda6982a9802,James Cardenas,21.0,amandawilliams@rodriguez.com,1983-04-24,50369.535736343045,Support
1346,76f19d15-43db-4bac-aa58-5f9c1d34591e,Chad Nunez,88.0,hensleypaul@mercer.com,2001-12-06,130639.67515509696,Support
1347,3fa2a104-cf53-4824-b8b3-15464edf7f01,Lisa Johnson,58.0,turnerrebecca@morris-coffey.com,2020-07-17,57786.0,Engineering
1361,9cbb8baf-c8f8-4f5d-8d17-55d1baed6562,Melissa Brown,18.0,syoung@chan.info,1994-04-16,47788.0,Engineering
1395,7a2a3ad0-5ddb-4a68-9193-1132bc3b2de3,Catherine Clark,48.0,patriciagomez@ford.info,1993-01-15,35121.0,Engineering
1398,898c9bd5-8837-4ee8-be4a-3ea0e1fc446d,Nina Carrilloduring,59.0,javierbenton@murphy.info,2000-02-04,136176.0,Support
1401,7d53adce-b5ce-4d78-a9aa-eb6bdf324fc0,Mitchell Ford,58.0,qgutierrez@tate-morrison.com,2018-01-31,130778.0,Support
1448,ada9e5f2-3bb5-402a-a334-9cbd109b19d3,John Davis,63.0,danielcastillo@cunningham.info,1998-05-12,77566.0,HR
1486,9dfde51e-c993-4eb6-9ac1-f81abef2dbb4,Kristin Mcdonald,83.0,mejiacynthia@moore.net,2000-06-10,93544.86716144468,Marketing
1507,e3e75aaa-f962-4e25-a027-0daa584596f7,Laura Howard Md,70.0,fcastillo@bell.com,1987-06-27,32311.0,HR
1509,14e142c2-818b-41be-8c7f-348ddbb9c33f,Alyssa Torres,18.0,deborahwilkerson@davis-smith.biz,2018-10-26,110585.0,Support
1520,abd8053c-7e89-4132-b88b-a0ccb12b007d,Kimberly Tranbehavior,34.0,april81@roman-brennan.com,2020-04-20,45673.0,Support
1552,0cf51299-a2bb-4117-a215-0a589099c0a6,Karen Atkinson,75.0,erik86@gray.com,1987-04-29,125127.0,Marketing
1563,e17c83f8-d7f3-4374-bef5-de101c0190df,Joseph Landry,54.0,christophermcmahon@barton.info,1993-02-14,135555.0,Engineering
1564,a8a2fa03-3f88-4c81-bb31-b73e0d840764,Nicole Mccarthy,34.0,judith75@jones-livingston.biz,1973-12-07,44839.0,HR
1579,8cf3cbc6-14fa-43f8-9a37-8833ef4c1be5,Angie Cook,51.0,istewart@winters-sellers.com,2005-11-07,119226.0,Engineering
1580,6e093c37-7ebc-4b41-b16f-a124380b5e6a,Shannon Barr,18.0,joy94@copeland.com,2000-06-01,102132.0,Support
1605,50333ba9-bb49-488f-8367-cdb2f2ee70c2,Stephanie Williamspopulation,70.0,nbates@livingston.com,2023-06-09,100020.38882777722,HR
1625,a18ac318-cab9-41a4-87de-6f1ff8877d5d,Pamela Krause,57.0,luiserickson@bates.org,1985-09-23,55950.0,Support
1636,f1b90f7e-a3b6-4ace-b4fd-7a85ae377008,Kimberly Richards,35.0,adam25@king.net,2011-05-01,124006.0,Marketing
1677,fcdcdc38-4cad-4fda-8fe8-946ea009d388,Robert Gregory,68.0,morganknight@davila.com,2020-09-14,72463.0,Marketing
1683,4c56d9e9-0cf8-4efd-a532-5cd545a1a431,Dwayne Maldonadoreach,39.0,sandrews@wallace.biz,2009-06-17,38636.18865809705,Marketing
1727,e45ebe60-71cb-4718-b0eb-cd0cc0a577a6,Brianna Ward,33.0,susangarcia@parks.info,2010-12-31,72221.0,HR
1757,f357f5d1-962e-42b0-9b8c-c0d3a02ecb52,Sherry Curry,59.0,ericlloyd@mcdaniel.com,1996-05-31,51227.0,HR
1773,8561f249-172d-49a6-a651-dd59359098b6,Madison Jones,48.0,lhill@rose.com,1982-10-20,51651.0,Engineering
1780,ea71d92e-fea4-40b9-b77c-391e223c1bab,Sean Morrisonservice,89.0,hardymichael@johnson.com,2009-03-29,80166.0,Sales
1785,d111d395-d99e-4eff-b8a8-c78b909def15,Jennifer Thomas,33.0,rodriguezjohn@barnes-cuevas.com,1996-03-10,141372.0,Sales
1797,a272f8bb-2204-4b39-86bd-655370aa8722,Jeffery Christensengroup,54.0,nathanielcarr@robinson.biz,1998-05-19,93492.0,Support
1799,48e9de5b-e483-4ec8-9c06-fcc8857f43da,Christopher Dennis,56.0,hollowaylisa@vaughan.com,2017-10-04,82757.0,Marketing
1829,7780473d-522d-4a5e-92ce-d062845a955a,Steven Grimes,74.0,ksmith@gonzalez.com,2015-12-26,117597.0,Support
1858,50e6af5a-e9f0-4af8-b58c-a37014bcc7b2,Mary Fieldsseason,19.0,qanthony@johnson-king.org,1972-10-15,134032.0,Engineering
1884,ec7437a3-4539-45c9-9175-d8823f1f8490,April Mills,25.0,nancy43@flores.com,2004-09-19,31632.0,Sales
1908,8d80feeb-52aa-4edb-a9db-556b09a13e42,Jeff Buckley,54.0,mercedes77@ruiz.com,2012-11-08,164519.41286117732,Sales
1930,dd385beb-d176-413c-84cd-7e6344a48c26,Tommy Castillo,26.0,carolstephens@gonzalez.com,2013-05-17,113559.0,Support
1959,59e86ad4-5d9b-4f29-b6a7-fd426f97ac52,Andrew Morrischurch,42.0,wongcharles@riley.com,2015-12-05,35015.0,HR
1971,319c7fff-3ce3-40dd-8733-87476c6bd22e,Lisa Pateluse,80.0,jweber@williams-kennedy.com,1991-07-15,123240.0,Marketing
1979,0447977a-93ea-43bd-bb33-27a16cf120cd,Jeff West,57.0,kimberly31@dorsey.net,2009-02-10,77161.0,Marketing
2020,8ec0fba3-7cdd-4568-ae36-c6fd4df8ce01,Nancy Campos,67.0,jamie28@robinson-woods.org,2004-06-01,54609.0,HR
2061,088740ea-66aa-457f-a5e6-d1083c3b84bd,Donald Frey,80.0,joelwest@lopez.com,1996-03-07,58438.0,HR
2068,aa00f20e-feb7-4913-a10b-620bcf9f6c17,Joan Nicholsonexpert,62.0,zmorris@gibson.com,1991-10-11,95850.0,Engineering
2095,d83502c2-8b9b-423c-8424-11ce2e68176f,Lisa Smith,88.0,heather80@jackson-harrell.com,2003-07-24,31127.0,Engineering
2096,8549a189-d4ae-4789-b56a-81a9f236d97a,Summer Hayes,55.0,angela06@taylor.com,1982-05-12,38236.0,Engineering
2102,8e9e0d6c-338a-4d8f-9a9f-af0d1032f5ca,Veronica Duncan,74.0,hansonwilliam@lopez-williams.com,2006-03-25,125066.0,Engineering
2106,cd8464fd-9845-41c9-8178-21946211ba1b,Deborah Weber,78.0,estesjonathan@delacruz-jones.org,1981-02-07,47375.0,Support
2129,0bda56aa-f140-42d6-9574-1bb87102bfcf,Thomas Johnsonphysical,34.0,chamilton@adams-mullins.com,2011-01-27,134749.0,HR
2136,bc59f557-cd00-4586-818d-da41c264133c,Miss Jennifer Austin,54.0,julia63@sims.com,2022-05-04,117747.0,HR
2166,4d9f045a-79cb-4488-9550-3a4389d03ffa,David Johnson,56.0,matthewjohnson@skinner.com,1994-05-26,88234.0,Support
2175,0da30a42-d81c-4e46-82b9-73c89efa02ea,Kyle Duncandetail,84.0,jake40@cannon-singleton.com,1997-06-08,36884.0,HR
2179,6f93c38b-a4ff-4c07-8071-74c96740cc63,John Morrison,28.0,omar81@navarro.com,1973-06-22,166789.9222647434,Engineering
2189,42a95138-8ef0-490e-a9a0-ef7ee378a51f,Michael Kelly,27.0,matthew69@wilson.com,1998-01-30,49331.0,HR
2196,36a7ca93-927c-423c-8b31-701286a90795,Robert Torres,33.0,frederick88@ray.biz,2008-03-07,60838.0,Marketing
2210,3a780760-b2a7-4f9b-a7df-b3404bbcf6e6,Christopher Turner,19.0,jessicamaxwell@lopez-bowers.com,2004-12-18,30332.0,Support
2218,a3a47763-0103-463f-b03b-0b78237f31d4,Dennis Buck,18.0,ortizstephen@knight-lyons.net,1978-11-15,54704.0,Support
2225,6477eec3-7336-458d-934f-8cea66763e6c,Angel Roberts,86.0,carlyshelton@campbell-frazier.info,1970-05-17,74297.0,Engineering
2251,c341c005-4f3d-4fa8-814d-8efcfe4564ac,Theresa Osborne,80.0,kayla97@morgan.biz,1977-06-14,59766.0,HR
2268,202d7a31-dfc2-4183-911d-af97f5da748e,Peter Lowery,40.0,ashley74@robertson-johnston.com,1970-05-23,149147.0,Engineering
2326,0f132aca-e1db-4183-8aa8-77dca9abb79a,Sharon Dennis,60.0,calhoundonald@reese.com,1974-11-01,100713.65480098802,Support
2348,45f63c6c-8610-46c1-a6d6-a9a994e51d5c,Vanessa Ruizshare,31.0,vnelson@fuentes.com,1976-03-09,37977.0,Support
2449,32f1cb58-8ad2-4a83-a5f9-77c7b80cd902,Jenna Delgadoaccording,85.0,myersbrian@hicks-taylor.com,2024-04-21,78219.0,Sales
2492,411b2e84-c155-45d3-9359-3b77d6c834fd,David Rodriguez,26.0,gilmorebeth@french.com,1981-02-27,67702.2646321373,Sales
2506,48d28eb4-5494-43e8-9687-65642619d949,Jonathan Nelsoneast,80.0,hopkinskelly@smith.org,1975-08-31,90413.0,HR
2537,7b0a865f-ef21-4910-a9f9-6708a77f4142,Juan Taylor,83.0,michael00@anderson.com,2021-06-01,78676.0,Sales
2556,6293fd8e-e150-4a6e-b234-39243162683c,Tommy Franklin,46.0,uhenderson@lopez.biz,1985-01-24,85979.0,Marketing
2625,e04058d5-0f66-455e-9e8e-e3c251ea5d73,Cynthia Gordon,82.0,helen72@brown-white.info,1977-04-20,139591.0,Engineering
2626,9ad71f69-2d93-4f0d-89f2-04829ac31d86,Daniel Gomez,47.0,vanessagreen@curtis.com,1992-01-24,104023.0,HR
2630,e69a6178-b5c9-40d9-8f46-3db01edde1b2,Rhonda Rodriguez,24.0,adamsheather@gardner-odonnell.com,1996-06-26,98718.0,Sales
2691,b36afb8d-91d9-4dfc-a00b-7c4091e72061,Katie Johnsongood,73.0,jennifermason@rojas-williams.com,2002-08-21,100939.4101715357,Engineering
2739,52ef563c-a497-4951-b1f4-54c2b2ab26e4,Paul Quinn,59.0,ronnie12@lucas.com,2019-04-27,115562.0,Engineering
2741,e7aec9fa-39a4-4bee-91d5-fe0957e1cd20,Monica Sanchez Phd,79.0,rogersjennifer@jones-butler.com,2009-03-21,146643.0,HR
2744,cdb2bb59-21b1-4789-81d2-d27814ed30e4,Jeremy Eaton,28.0,aaronbrewer@scott-smith.info,1993-04-02,46309.24564477351,HR
2805,a5047f34-7f49-436b-9194-3ce915151f5e,Brianna Smith,20.0,lcarter@villanueva-ramirez.com,1989-08-02,56834.0,Support
2845,240e6d9b-803d-4738-9a66-e92d33bb31e8,Stephanie Walsh,77.0,leachkelly@tucker-rojas.com,1995-02-07,113344.0,HR
2876,67e4c878-8a93-4f61-a7e7-41ec2ebae1a1,Jordan Mcconnell,33.0,nathan52@hernandez.com,1994-11-09,85287.0,HR
2911,67c2db75-0abd-44c8-ae5b-497842025b81,Heather Randall,24.0,richardsontiffany@wilson.com,2023-02-06,86050.0,Marketing
2931,eb5b209f-2a11-4f1c-b872-ebdd272c223a,Diana Warren,90.0,jwoodward@adams.com,2011-04-24,117601.0,Support
2936,1cd5dd50-bcfd-46f0-a837-4b81c496312f,Marvin Fischer,69.0,rbenson@brooks.com,1984-12-30,38579.0,Engineering
2945,05ecef64-cf31-4af3-a2da-c9bcf27239eb,Brittany Lowe,40.0,sean83@hayes.net,2006-08-30,84744.0,Marketing
2961,77f7a094-c824-4057-8760-4ad126271715,Sydney Walker,60.0,jennifer32@peck.com,1980-12-15,44854.31812752015,Sales
2963,781c55ad-775b-4079-8195-517d1ab7e019,Jasmine Fowlersame,79.0,loganphillip@jones.org,2024-02-04,134924.95680114225,HR
3003,e80eb446-3f94-4079-9851-352d76dd02a7,Gregory Smith,80.0,jrobinson@quinn-crane.com,2011-08-10,127601.6139951588,Marketing
3019,a33cf74f-4d45-42f3-ac83-d716bf82573c,Amanda Wang,43.0,raykevin@adams.com,1982-09-08,58816.23980467007,Support
3026,371a8f43-749a-44a8-a29a-3e6c030cf417,Robert Montgomery,61.0,ewiley@king.com,2005-11-09,66119.0,Marketing
3030,df47252d-5830-4f46-a153-29be97f1e964,Deanna Kennedy,23.0,thomas92@harvey-martin.com,1973-08-17,135160.0,Support
3033,ec89bf3c-085a-4841-b202-71ad69f1b002,Erin Freeman,62.0,zarmstrong@carlson.biz,1991-12-10,142881.0,Engineering
3120,2dbfacf7-cad0-4831-a067-7e898caa4ad3,Jennifer Payneday,52.0,pleon@taylor.org,1986-10-05,45088.0,Engineering
3142,47a18628-8a54-4ff3-8e52-d8fda38326ff,Nicholas Moon,60.0,gonzalezpamela@richardson.org,1981-03-21,131739.59731286485,Marketing
3143,6e73ab0b-e4a6-4a72-8082-a64dc6834056,Amy Porter,65.0,rodriguezdakota@lewis.com,2002-06-20,59291.0,Support
3146,fa91e1db-45c1-406d-8457-a591f24c29ee,Joseph Cain,43.0,vargasyolanda@williams.biz,1978-08-21,124633.0,Engineering
3171,2ebf6574-7c4c-44b7-98d8-249b7616f408,Michael Hall,71.0,ilara@gallagher.com,1994-03-19,125807.0,HR
3199,8c60daf9-92e7-43dd-9cab-7c091fb02d54,Gregory Rivers,85.0,jeromehernandez@ortiz.org,1985-04-29,79366.0,Sales
3241,dbc41c8a-e1fe-4f7b-86ce-cb806e160667,Randy Compton,57.0,ariasmichael@tate-williams.com,2021-01-17,106059.87549798122,HR
3255,fab8b6a6-6352-4233-9e52-ba825e8588e5,Melissa Alvarado,83.0,alvaradomatthew@hopkins-lewis.org,1975-05-02,95697.19782888396,Support
3256,f336a106-9fa8-4028-b4b8-67e0bdebd742,Jamie Ford Dds,39.0,jamesjames@walters.com,1974-12-26,130191.0,Engineering
3308,07f043aa-cb58-4d5e-a618-e71933d598cb,Randy Hughes,81.0,hgarrison@harvey.com,2000-06-24,64481.0,Support
3344,779b50fb-4474-44b6-8379-9923a54804e0,David Reed,50.0,perezalan@wade.org,1994-05-04,31384.0,HR
3371,3653e39a-542b-4cd6-bc08-400837a7b6f2,Whitney Hall,35.0,dillonraymond@beck-morales.com,1979-08-24,39498.0,Support
3374,373dce66-245f-4230-a801-896162557c35,Brittany Smith,44.0,xhunt@sanders-lee.com,2012-01-10,46547.0,HR
3455,1b3bf267-e5cf-4a7a-a8d7-db184172b693,Alyssa Hernandez,27.0,fjohnson@richards.net,1988-05-10,31861.55821590112,HR
3526,72aea2ae-b21a-4f90-891f-a50200090c23,Carrie Harvey,80.0,lawrencejose@glass.biz,1972-03-21,146103.0,Sales
3548,da2dc199-bbf6-4ad5-ab32-daa80761b28c,Danielle Sanders,20.0,alexanderjames@taylor-smith.com,2010-06-07,120762.67460530122,Marketing
3574,1957ce47-0940-4992-89a9-068a63733023,Karen Vega,58.0,janetwagner@keller.com,1992-08-18,95560.0,Engineering
3603,06b5ffd0-bee3-415c-b3b9-171f2a050189,Linda Davis,55.0,evansdouglas@brock.org,2022-12-16,38588.0,Engineering
3613,372104fb-f6cb-47ca-b426-c8b53d7950ab,Brenda Allisondirector,24.0,sandramiller@pena.net,1993-05-14,130241.0,Engineering
3629,706c1960-ba4c-4053-a820-e4048fd19083,Sarah Daniels,54.0,ross11@santos.net,2021-07-08,92564.93387484044,Engineering
3665,6807d041-5497-4637-a48d-1b0f67479d79,Erica Pricepart,72.0,xsmith@gould-meyer.com,1987-06-23,144153.35418736885,Support
3722,a6eb72af-9f75-4be8-ae6c-d8d3445cbe5c,Holly Koch,51.0,melissa26@clark.info,1998-05-25,33003.0,Engineering
3724,9551b13f-980f-4851-b2cf-a57836519910,James Mcdaniel,49.0,jennifer97@morgan-peck.com,2020-02-18,78647.0,Marketing
3759,9ff07e2a-0c6d-4120-8733-f2c0ccb6bfee,John Gibson,47.0,hollyjackson@alexander.com,1991-10-06,80648.0,Support
3802,f57cfd3c-54ee-45f2-a8dd-57187fb1c501,Jerry Torres,26.0,wwilliams@hayes.com,1995-06-02,45182.31985668802,Marketing
3843,4274f752-f969-4389-9a63-bf2098272388,Amy Barnes,37.0,zmartin@thomas-daniel.com,2009-05-03,128819.7481073744,Sales
3845,d4fd1fe3-2b46-4a79-bfbe-32c6030bdccd,Brian Romerochallenge,89.0,robert47@cannon.info,2015-01-14,35257.0,HR
3851,4053c7ea-e986-4b64-9be2-ffa8997d1d12,Victoria Nelsonsituation,45.0,kim08@perry.com,2016-03-06,106131.0,Marketing
3853,740f4cfa-3329-4151-85f7-8d38b2b772a3,Lynn James,75.0,tiffany68@rodriguez.com,2017-03-29,67557.0,Marketing
3856,a43bbbbe-b8a6-47d4-b9e5-070588000408,Kimberly Garcia,24.0,austin62@cooper-watson.com,1977-01-22,59870.0560693856,Support
3859,7c45218f-580d-49c5-8c7f-fc88e3b9d5ac,Ivan Marquez,73.0,tross@tran.biz,2017-05-21,146676.0,Engineering
3925,f29ad160-1a8c-4991-83a2-d274351e7a8b,Erika Willis,35.0,miguel55@kelley.org,2007-02-07,60169.4206133039,Marketing
3928,5c1805a6-979b-4ccb-ac7e-5c01c45d3747,Heather Conway,55.0,davisjessica@ryan-simmons.com,2010-03-13,64540.0,Engineering
3947,cb17ec87-ad44-4ddc-ad37-1cd9cd251e70,Christopher Strong,28.0,helen17@hill.info,2003-06-10,50329.62005385663,Support
3959,988802fd-7ab8-4e2f-bafb-e1e4523e5b9b,Beverly Mcgee,75.0,sandrahiggins@porter.biz,1992-09-28,91074.0,HR
4011,90f8770e-ae6d-42d1-872a-6af7469d1fea,Megan Massey,54.0,archersarah@weber.net,1988-05-11,45483.0263900679,Marketing
4022,fb608b06-14eb-4980-9c91-10ff0d9c0455,Kristie Wilkinsonlate,49.0,kimberly03@ewing.biz,2000-04-16,124019.46459599768,Marketing
4026,a860087a-fff7-467f-b35d-f2ebf210072c,Maurice Brown,29.0,larryhunt@allison.com,2019-01-13,131881.0,Support
4035,f584afab-3e22-4233-9b4c-e69921fe3234,David Reynolds,28.0,kerrjonathan@mcintyre-jarvis.com,1989-06-25,133169.0,Support
4080,94162187-d437-41ba-ab2f-ec4716669bf2,Adam Jacksondrug,36.0,morganross@lowe-bell.com,2022-10-29,125794.0,Sales
4090,0f8b6811-1962-485f-8efa-d974ecadc2a1,Brandon Brown,24.0,bsuarez@anderson.org,1989-09-07,43954.0,Support
4125,99379135-7122-410a-a4f6-23c5fa2f32c2,Kerry Baker,21.0,randymoreno@bell.biz,1993-09-08,104807.0,Support
4216,25bdaeba-57d4-4d3c-965a-4d819cb8d021,Joshua Phillips,64.0,suzanne65@galloway-richards.com,2003-06-14,58273.0,Engineering
4232,b9977173-eb30-4ebe-9e51-0a593265590d,Reginald Reynolds,43.0,lisafernandez@lawson-chung.net,2001-10-10,30698.0,Engineering
4248,ec50eb7f-bdb5-4821-ab95-875dfb710fc4,Stuart Jonesgarden,19.0,susan41@price.net,2011-08-15,60457.0,Support
4267,401dfe9b-ae03-4d56-bea1-9e0e10cb09a2,Kristi Knightage,31.0,christopherkeith@silva.biz,2013-01-03,83251.0,Sales
4299,e511f60f-0798-4dde-9264-679115cd6932,Samantha Lopez,35.0,hgrant@castro.info,1988-05-15,128274.0,Marketing
4389,614bf740-2cd0-40f0-84f7-000e9bbdbbd3,John Harvey,68.0,jessicathomas@robinson-young.org,1991-12-21,135786.0,Support
4398,a1a8f41d-e918-42f7-8e46-2d78e73663a3,Jason Spencer,88.0,ytorres@hines.org,2007-01-03,123123.0,Engineering
4433,576e62a8-707e-445a-bac4-85f0ed95b0a6,Kaitlyn Thomas,82.0,tbell@jones-roberts.net,1989-03-09,85810.0,Marketing
4437,40a00e73-e03e-4ae7-88ce-dcca4b31deeb,Ariel Crane,59.0,nstevenson@potter.com,1977-01-02,83469.0,Sales
4455,15d9321a-2f4a-40c0-9a6d-f17f95f39f58,Diane Robinson,70.0,meghanalexander@nelson.com,2022-09-30,76296.0,Engineering
4476,66918897-1cf2-4ee5-adbb-8c7ea45b4be3,Christopher Fletcher,79.0,who@potter-vazquez.com,2014-05-08,146701.0,Marketing
4493,86738540-7884-4a37-a22a-97b98c2b22d8,Timothy Dominguez,21.0,briannahurst@morgan.org,2014-02-02,89590.04600133495,Marketing
4570,e245e55b-eda6-489a-8c36-c2e96c9de08c,Nicole Lambert,86.0,vowens@kline-mcbride.com,2005-04-15,59203.0,Engineering
4593,a78e43f4-4e20-49df-963d-fa52c025556e,Michelle Sanchez,75.0,bradshawscott@richard.biz,1989-02-11,68125.0,Sales
4600,ac19687e-cb5e-4f21-a0aa-2689de38bd1d,Terry Ewing,89.0,hickstiffany@williams-chavez.com,2020-01-14,70440.9533635461,Support
4621,64a9d37d-4763-4984-89e4-cb33ea16aa31,Jason Nelsonuse,65.0,derek11@contreras-hansen.biz,1981-05-03,78320.0,Sales
4668,e4ecd93f-2c55-4e72-b961-e5fdde0d9405,Kristi Williams,67.0,cfuller@mendez-mccann.com,1993-06-24,105886.0,Support
4699,45c619fa-93e7-4f9d-a2b2-41880dfae902,April Fisher,45.0,mmitchell@blake.org,2000-10-03,70952.0,HR
4701,a2dd4a1e-7e12-48f3-9bda-404ff55f70ba,David Cooper,51.0,jenniferanderson@nicholson.com,2003-11-27,131962.97301216162,Sales
4715,ea62f567-9208-4d55-840a-74fdf3628f8e,Katherine Waltersproduction,35.0,catherinerollins@jackson-smith.com,1999-05-11,46206.0,HR
4729,ea667827-c683-490e-8996-1c52e6970fb5,Lance Valentine,72.0,laceyprice@brady-kim.com,2004-10-05,97402.0,Sales
4731,6af8d44f-8790-4eb1-a533-f043b297e693,Kevin Wright,89.0,brian56@johnson-brewer.net,1972-12-28,117732.0,Sales
4733,b147ba7b-5e78-452f-8d73-deff383bff5e,Jennifer Smith,49.0,kellynathan@perez.com,1986-11-28,76520.0,Marketing
4836,2af33647-4544-4ba8-938c-28d06a46d896,Melissa Jones,20.0,katherinethompson@wang-johnson.com,1973-07-22,136204.82185669077,Support
4837,63b13f6c-49a4-42fc-8dd0-daeffc3ccb1f,Alexandria Rowland,90.0,psweeney@gallegos.com,2012-11-29,34370.0,Sales
4843,712bf0bb-4767-4e52-9664-d50d3a6ddcfb,Brett Smithcare,41.0,jonesrobert@carter.com,2008-06-27,134429.0554066473,HR
4904,634a01dd-1e3e-47b9-91ed-b67d354b05c3,Thomas Suarez,77.0,deborah76@hall.com,1999-10-30,64038.0,Support
4929,ea357884-803b-4e08-8fbd-5eeff9341e93,Kenneth Clark,19.0,tammie09@robinson.com,1970-03-24,39576.0,Engineering
4943,7b5b7542-4beb-4108-bb5e-cae0688549bf,Donald Martinezgoal,86.0,christopherrogers@higgins.org,2019-01-27,47953.80233980209,HR
4951,37a1c95e-b80c-4ac1-a751-f8c17b8a625f,Cynthia Kleinwhite,54.0,philip97@murillo.com,1986-05-21,68717.42202292079,Marketing
4973,f9c3b325-2603-469c-85c4-1727461bb601,Kathy Anderson,90.0,vlewis@brooks.com,2016-01-03,92823.0,Sales
4978,03f60ae8-fc52-4e82-b930-86f89d8bc49b,Erin Greene,37.0,ysantos@torres.org,1977-12-06,83246.4843727499,Engineering
5001,900db50f-ca7e-4220-a511-cba04b2ce76b,Jill Curry,33.0,eriknolan@baker-ryan.com,2006-11-08,131808.99629912595,Marketing
5047,ed08bf5c-d839-4a8c-bb46-d1ee2644e1bb,Ariel Ferguson,41.0,michele18@white.org,2002-06-12,60784.0,Sales
5051,cb874226-2ac6-468f-8aa7-e9bb884d5eba,Justin Ward,77.0,amy09@lee.com,2019-04-16,109619.2988850964,HR
5068,0eb29bf8-8c68-4193-b447-1ff524c5a9bb,Melinda Morgan,58.0,bradynicholas@barnes-reese.com,2017-09-25,139296.0,Engineering
5078,a3f1d604-ed45-4b20-b292-8288e54a80ab,Luis Nelson,55.0,hunterjoseph@sampson-shah.info,1980-12-26,138472.0,Marketing
5092,9f4226f8-dd32-4ef7-bcea-c174128533b8,Kara Sanchez,57.0,teresa33@gray-morales.com,2010-11-15,149836.0,HR
5147,1a9107a2-c2f1-413a-b005-9b42a6a704f3,Arthur Nelson,89.0,taylorrobert@perry.com,2005-02-07,147620.0,Engineering
5195,c3659858-d123-48fa-9ac4-494ff72a045e,Kathy Powellexample,42.0,laurenanderson@roberson.com,1995-04-25,104787.0,HR
5264,a544ba69-01b3-47d4-8415-40b04fe4a0de,Danny Oneill,36.0,brandy49@hall.com,1983-09-14,40152.0,HR
5266,6e6f26f4-79cc-4463-8c57-c77c9c4c1e6a,Elizabeth Johnson,83.0,spencerpruitt@mann.info,2006-04-04,107696.0,Support
5273,7d0d5b7f-7404-4ba9-92e5-3fa1d55531b5,Noah Campbell,54.0,xmiller@spears.com,2018-07-22,57609.0,HR
5276,64bacf11-4546-4de1-b3c9-285a7d34fede,Deanna Henderson,29.0,fbooth@wilkinson.com,1987-06-26,92680.0,Marketing
5279,6ca80613-31bf-4afe-96d6-d5874591c891,Anthony Leblanchot,48.0,krandall@jones.com,2022-04-13,40432.0,HR
5304,6c447904-a724-4362-9265-8b5fdceb6dac,Gloria Ashley,54.0,thomas88@jones-wells.com,2003-01-09,39099.0,Sales
5312,015a6cac-27b1-474b-b9ad-0606cb78d52a,Marcus Fernandez Phd,45.0,jmueller@murray.com,1976-11-07,28418.43836640376,HR
5321,7164aefc-2556-44a2-8da7-78cc4ae6a5f8,Cassandra Norton,37.0,jasonwalker@peterson-walters.biz,1984-06-14,148507.0,Engineering
5330,4536c659-f6f8-4147-9098-889ce3fd893f,Lori Phillips,45.0,johncook@fitzpatrick-smith.com,1991-08-04,106254.0,Support
5358,72629a64-4e44-4a5d-a3fb-f4e4faa9bda3,Logan Anderson,61.0,btorres@moss-martin.com,2009-05-14,49750.0,Engineering
5363,8c1c8c50-a462-4a7a-a85f-d1c7de9a9bcd,David Medina,63.0,taylorwheeler@hart.info,1988-07-25,139477.4075679401,Marketing
5429,82487415-7ad6-4f33-9401-2de846250294,Nicole Chavez,41.0,ntaylor@keller-estrada.com,1977-12-15,42727.0,Support
5478,16dafe4e-1d02-48f3-81c9-86f0d8c3da65,Adam Ingram,44.0,jason86@armstrong.com,1974-07-22,57273.0,HR
5502,d0f93e11-12b1-4911-992e-374a304abacb,James Calhoun,62.0,andrewblevins@finley.com,1975-04-13,138864.0,Marketing
5503,f9b431e7-dd70-454d-bf0f-98faec08582e,Nicholas Branch,89.0,spenceralexis@rice-fisher.com,2010-07-31,44582.0,Sales
5520,7366f2c6-21c6-4d95-a207-dc2cb06dbb5c,Savannah Walters,60.0,rhill@knapp.com,1978-10-09,85679.0,Engineering
5557,eae44ead-2b73-427d-bbab-cbed734a7b46,John Thompson,73.0,ashleylang@marshall.com,2023-03-11,66600.0,Support
5570,93c7a1b2-052f-4625-aff4-b03e1e1e3690,Ashley Warner,48.0,palexander@nelson.biz,2000-10-13,59142.0,Marketing
5595,cf078164-8f18-4f6f-b4dc-3b28723c93ef,Patrick Davisreligious,54.0,garzakelsey@schneider.com,1976-11-13,96505.19721446712,Marketing
5615,269ab4fb-57a6-4d71-8d2c-6d06ea18679f,Maureen Mata,68.0,roberto35@powell-rodriguez.biz,1986-05-26,138762.0,Support
5624,33d919c0-db67-44f3-a406-d6ffc3db22d2,Michael Hernandez,54.0,heidismith@greer-collins.net,2011-01-09,169872.80837642774,Engineering
5631,b1ff0235-c53e-404d-8bb3-d1e8be210ef7,Dustin Ellis,54.0,hoffmangary@meyer.com,1981-06-20,174786.87670651753,Engineering
5690,6e103388-1ff3-4e7d-82b8-e92b1ffd7058,James Morgan,41.0,davisbrittany@richardson.com,1977-05-08,138414.0,HR
5711,0e8efa97-33ca-4b0d-b234-6d818dfe6008,Terri White,53.0,warrenholly@jones-russo.com,2000-04-06,144565.0,Marketing
5741,3b8da107-a83b-4a5c-9171-a6e1a4e99f72,Brenda Beck,84.0,stephanieroberts@johnson.com,1986-09-04,51510.0,Marketing
5749,779c8d10-ff52-4790-b6e9-73fa6e5ce49e,Tiffany Bullock,60.0,robertestrada@taylor.info,1971-02-27,50985.0,Support
5777,5783ef58-500f-42cb-b6e7-cd85c3c85792,Gregory Martinez Ddsfour,83.0,heidi00@may-holmes.biz,2007-09-05,100057.0,Marketing
5795,fe8e1418-9855-4fb7-b73a-d98844b6bb56,Terry Landry,54.0,eduardo10@jenkins-davis.com,1997-06-07,85425.0,Engineering
5844,401d3f56-8259-4f8c-81f3-c60b3f40889f,Denise Thompson,38.0,vickiehernandez@lam.com,2016-11-23,80395.0,HR
5847,09b406a7-04d5-41e4-887b-e9ee4e75bdb0,Robert Johnsonbefore,90.0,woodrhonda@ferguson-walker.com,2016-07-21,140082.0,Sales
5917,967b9cc2-600e-4500-8ae0-0768beba452d,Kathleen Washington,39.0,lemarie@moon.info,2017-01-21,125225.0,Support
5930,c059d7bd-427b-4c02-9911-faaf11be2f40,Karen Burch,88.0,vickiewilliams@garcia.com,1978-09-06,31004.0,Marketing
5932,b7e9c97f-9f83-43f5-ab33-c991e660f72a,Deborah Thorntonspend,68.0,michael89@king.com,1991-04-09,31716.0,Support
5995,b5dfeb9c-473d-425c-ba7d-2ff16cc89203,David Adams,76.0,dustin75@simon.net,2006-09-01,93824.0,HR
6018,7931a1a1-2139-494e-8b2a-226398e2f452,Jennifer Salas,36.0,jennifer37@stuart-gutierrez.com,1987-01-31,33508.562778345964,Marketing
6031,3c3a0fe0-40ef-485d-84e7-d44487b81547,Danny Simmons,40.0,gonzalezjessica@duncan-edwards.net,2023-08-19,124377.0,Marketing
6045,ffec6404-7edf-463d-8a61-909b38e9c185,Gina Browndown,86.0,joseph11@williams.com,2024-01-03,51202.0,Sales
6049,e3488b28-24d2-4dd9-8bdb-fd210faebf9b,Stacey Mckee,24.0,shawnawells@bradley-terry.info,1988-02-10,100682.59031758732,Marketing
6050,04f33df6-fa70-4f67-9134-e7a0f937df25,Danielle Jones,65.0,clinealex@smith.com,1982-06-24,69786.0,Sales
6056,b0233c16-1c8e-41c0-849e-125018333375,Steven Gentry,90.0,nrodriguez@wang-reyes.com,2024-02-13,79984.09495251493,Support
6098,2cc68b3a-02fe-4f1d-a9f3-3e41d1822f22,Vanessa Martinezyour,47.0,robertrodriguez@daniels.com,2014-05-25,149006.0,Engineering
6193,ffb44ce0-d48c-47f4-aa13-fd3923f89343,Ronnie Williams,29.0,lucerobryan@thompson.com,1989-08-01,32782.0,Sales
6194,34c1aab8-6dac-446f-80cd-e37c43c22668,Nancy Meyer,35.0,juanhamilton@mendoza-ritter.org,1989-12-05,69038.0,HR
6207,43f0c72a-5981-4d79-8e86-bd9979634388,Charles Martin,49.0,debrawright@johnson.org,1988-11-15,127507.0,Engineering
6211,9292086e-ac06-47bc-ab3e-437c19d8bddd,Patricia Barrett,68.0,mikelewis@maddox.com,1987-05-18,90357.0,Marketing
6242,2ae64648-a1f8-4bd1-b829-dfb90c7a8d61,Carolyn Hamilton,85.0,jameswilcox@gray-mcdonald.com,2022-02-14,131130.0,Sales
6306,d1311107-4008-4137-ab39-2a872a257bde,Anthony Singleton,56.0,reyesjonathan@thompson-ray.info,1991-08-07,120585.0,HR
6310,97ea3c67-1f5a-478d-8440-3eb13e1567d0,Matthew Hansen,84.0,gregorybradford@werner.com,1989-01-25,48019.0,HR
6327,2ca49eab-276a-4898-bc07-a076b985f49a,Joseph Estrada,54.0,phillipharvey@powell-cooper.com,2017-12-27,77011.0,Support
6339,8935e495-a9e5-4b9c-9997-bd9348b5f8f2,Rachael Coxelse,52.0,gross@roberts.org,1992-04-20,110484.0,Support
6393,1e890f79-b7ac-4b91-bfec-a5707cc94e05,Melissa Brown,57.0,ishannon@hernandez-morales.com,1973-10-27,77108.0,Sales
6410,159bf4bb-93c5-4b0b-b40c-040ed3eadb8c,Michael Green,19.0,pamelasuarez@robertson-neal.biz,1999-01-10,106470.0,HR
6412,cfdcc60f-44cb-4c8a-bc40-d81bb1389b0f,Lisa Webb Dds,72.0,ryanjohnson@brown.org,2017-05-27,82834.0,Support
6432,f5510acf-4102-417a-957b-e3e95e7122d0,Tina Griffin,28.0,jenkinswilliam@white.com,2002-04-17,42817.0,Marketing
6464,81ac1a28-bbb7-4d5c-bf05-95160ddba66a,Sara Walker,75.0,zwright@hodges.com,2016-05-17,134487.0,Support
6494,031cc1a2-8ae4-42fb-8307-4e2ac5b9bfe3,Jill Day,54.0,mckeeisaac@simmons.com,2010-05-28,91732.73448653807,Support
6518,e2e135c2-05e3-4bde-8ada-005de4348b37,Harold Wolfe,18.0,andrew63@patterson.info,2007-01-16,85301.0,Support
6519,00735eb0-1a59-48af-8563-5a2c067717cd,Heather Larsoncut,31.0,eowens@gardner.com,1989-06-11,92881.8604141406,Marketing
6526,8e59953d-afb2-4ca3-8195-4136299fbc39,Jeffrey Miller,77.0,qfuller@davis.biz,2007-02-16,38696.0,HR
6562,f6092739-1942-4a15-93ac-fe1f65bf56d3,Kimberly Morgan,83.0,jlong@perez.biz,1994-03-13,104519.0,Support
6576,c6f1c782-9745-4fc1-ad18-0a0909a71701,Marvin Garcia,72.0,ericadams@boone.com,1997-02-15,146777.0,HR
6610,e81af5a0-bd63-4454-92cb-4f40ce2028ee,Chloe Fischer,25.0,rossdustin@bryant.org,1974-01-23,72424.0,Engineering
6623,9091bf27-c0ef-4e32-9f16-760a5a2cf0c4,Tina Anthony,46.0,hglover@stark.com,1988-11-18,117186.0,HR
6633,7c641396-56c5-420d-b73b-139de094a1e0,Donna Washingtonlist,23.0,ljennings@baxter-johnson.com,2011-05-31,55599.0,Engineering
6635,30617bd4-3b5d-4c4d-8cf9-86f70c441198,Dale Wyatt,75.0,vfrazier@walton.info,2012-12-31,148779.0,Sales
6644,81e620a3-7b80-486a-92c2-0ecc307101f1,Jonathan Long,45.0,christopherhogan@bolton.com,2014-10-23,120611.9636190299,Support
6645,8310778b-e859-4cc6-8276-08618baef207,Mary Johnson,64.0,anthonyvalentine@chen.info,1990-02-28,116390.0,Sales
6823,1392f693-0f07-47de-9e11-e3aefcdbe4c4,Crystal Oconnor,44.0,laura90@martinez.com,1978-06-05,43811.69614228552,Sales
6832,b3ba7aec-ac31-4bc7-91f3-65658769b04d,Lucas Medina,77.0,danielthomas@bush.info,2009-06-07,141457.0,Sales
6842,d6ff8001-75ac-4215-b8d9-1078f7995a76,Cassidy Wilsonvalue,87.0,stevenburns@kline.info,2021-03-04,39985.0,HR
6862,b9915b0a-b08b-4a32-bee0-1f9887dbcd6d,Christopher Chavezresearch,76.0,matamaria@saunders-guerrero.com,1992-08-03,87640.0,Support
6875,41c3ae41-eebb-40f7-bfb0-307dd575e454,Lisa Doyleon,36.0,christina42@merritt-schwartz.com,2016-04-29,35776.409287011265,Sales
6881,1b1796cf-88f5-41f0-b085-504d3403be16,John Roberts,86.0,waremary@montgomery.info,2012-11-20,64509.0,Support
6916,fd635be6-6fba-4511-ac38-1f08584e7e31,Kayla Gonzalez,37.0,susanwoodward@collins-thompson.com,2020-10-07,131401.0,Engineering
6924,cefb1aa1-a0e2-4bb4-90a4-8f2e2a4b83c8,Matthew Yatesblood,48.0,kristinbuck@good.biz,1990-07-12,130380.0,Marketing
6949,0ad4ceee-b2fb-4f96-93a1-96701dc7391d,Julie Moranagent,43.0,carrmichele@robles.com,1985-10-05,70498.0,Support
6980,ceb7f8b9-8c3b-4566-a857-0fe0c96c6831,Daniel Sullivanbad,82.0,manuelharrell@ramirez-calderon.com,2015-01-28,67207.0,HR
7000,7fb76ae4-4227-4356-baa0-310ac5999fbe,Trevor James,61.0,salazaralexander@brown.com,1971-10-18,93089.0,Marketing
7002,186cf374-ef7d-42ec-814b-71dfd227ff0c,Douglas Davisvoice,30.0,fkirk@newman.com,1992-09-10,101968.0,Engineering
7018,8feddd8b-0e86-4ae1-aa47-b56bb7a53fb7,Paige Garcia,54.0,christina69@adams.biz,1980-12-31,86296.0,Support
7048,d2beb79d-6c45-4ae5-a412-d19307731045,Cynthia Mckinney,47.0,davidgreen@howell.info,1982-07-27,75379.0,HR
7072,f84a43ad-78fb-4119-ab54-5ded99d07331,Michael Diaz,77.0,melissahanson@ward.org,1980-09-17,114119.0,HR
7088,398737a9-aa92-49c5-93a1-4f9b6a00b4b9,James Cook,59.0,laura88@robinson.net,2016-04-02,42744.0,Engineering
7092,e1a7d8bd-e970-4499-b0f1-3d6c983e5029,Kelly Hancock,63.0,qberg@murphy.com,1999-10-14,38462.62544096438,Engineering
7129,a5a3ab75-a537-41f2-a753-4ee2ed4c999d,Tara Neal,46.0,flemingregina@george.org,1990-09-26,130879.33862376255,Marketing
7130,17da0774-6012-41b3-a7e4-4641e2b23686,Tyler Lewis Dds,71.0,evanskim@hoffman.com,1986-01-18,69062.79927943337,Support
7140,a8c4558c-1ad5-4a90-8212-92ef2ff6becf,Kimberly Howard,58.0,smithallison@york.com,1975-10-23,133059.0,Sales
7145,41bcd7a4-c7ff-4e43-a6ab-1c368468a19f,Traci Scott,85.0,gunderwood@henderson.com,1982-06-27,136409.052226845,HR
7153,3c01c57d-3205-4127-b5f1-c4303dacc9bd,Dawn Riveratrouble,20.0,jennifer42@martinez.net,1998-01-21,120052.0,HR
7156,3719fcf4-1a3c-451c-b0ad-8154f8cc912f,Scott Palmerway,20.0,bellsean@velazquez.com,2012-03-30,34763.0,Sales
7203,0c9c0a27-dce8-4738-93de-4e3eaa08dc16,Amanda Smith,61.0,mendezdouglas@wright.com,2011-04-28,72136.0,Sales
7233,b404b1c6-d8a8-428e-a36a-9eafde23678e,Devon Kaufmanoffice,29.0,eric55@myers-werner.com,1985-12-28,138828.0,Support
7263,ecc51de0-5f74-4e23-8398-acb4b2ab8482,Mark Smith,55.0,dsantiago@zamora-davis.net,2000-01-09,88720.0,Engineering
7271,6b3eadaa-8373-42e8-8b25-ce3d6be31f21,Cynthia Barkerturn,76.0,nhubbard@cowan.com,1993-09-14,111473.0,HR
7292,ffffcb54-aed9-49fb-9bb7-7a72f335b1d5,Thomas Edwards,66.0,sgill@harris-murillo.info,2012-02-25,58630.0,Support
7387,ebcf0061-028d-4a5e-a23f-c4d93027e754,Matthew Murillo,83.0,james12@mata.org,1990-11-15,145469.01989023946,Engineering
7397,601d2b92-c728-47f7-a07e-0c0de9bb3a2d,Kimberly Kelley,54.0,abaker@poole-evans.com,1980-12-12,142943.0,Sales
7416,ed8fe22b-ac5a-4a80-bd91-490d306c8717,Crystal Davis,40.0,sacosta@webb.com,2000-12-30,55128.0,Marketing
7444,e4e418d2-f358-49b0-af3d-0e6c22bba4cc,Katherine Gibbs,20.0,richard68@moon-rodriguez.info,1987-01-28,84254.0,Support
7450,988293bc-7a23-4c46-860f-ab1f2e164178,Wendy Wilkerson,77.0,richard08@wagner.net,1996-11-11,110447.0,Marketing
7517,877880ca-9d2c-441b-9abd-3f4b7b8bfac3,Andrew Bennett,37.0,ymayo@daniels-wagner.com,1988-12-18,136206.58072361312,HR
7520,40a20ce6-d261-4cb8-bee6-3c01daad6a5e,Regina Nguyen,44.0,jessica38@garcia.com,1977-03-14,82004.82722736873,HR
7610,76aaeaf6-dd09-4ee6-8df6-193501bc881b,David Ward,54.0,emack@bartlett.com,2006-12-16,128776.0,Support
7614,c380614d-b83c-4756-b4b4-31ced43cdb99,Brandon Graham,60.0,grahammichelle@williams.com,2021-10-10,175218.42824915433,Marketing
7630,f64992a6-acb9-4399-9d29-a68d259dc869,Laura Thomas,81.0,donaldbryant@johnson.biz,1997-05-08,141958.0,Marketing
7634,ff5b4d68-8c47-45f9-9d2e-ffad5b391186,Jason Curtis,65.0,michaeljames@spence.com,2019-07-28,99314.0,HR
7652,12dde7ca-6754-4a28-81c1-ff8adaf39365,Frank Mitchell,73.0,taraharrington@mcintosh.com,1975-09-08,87262.43162794104,HR
7655,c7530f12-bbe0-4ebb-85ba-18c1aa29ac82,Jacqueline Smith,44.0,shannonbrown@pineda-le.info,1986-05-05,51757.0,Support
7709,1b1087e0-aff4-4ed5-803a-5256a6b7f763,Devon Petersenlead,33.0,qjohnson@mclaughlin.com,1981-08-13,112399.0,Sales
7747,ef5b829a-44e5-475b-9c04-0b2913609d5b,Craig Vasquez,42.0,parkercourtney@hughes.info,1998-12-16,75603.0,HR
7788,78d0aa33-8017-4a1d-817b-edbf9d63d55f,Dustin Grahamcentral,59.0,rebecca51@scott.com,1991-03-25,54649.31428878234,Support
7829,d45b44ae-b0d7-4899-9bb7-ae797b00f8ab,Clifford Carrillo Iipopular,18.0,charles26@rivera-meyer.com,2011-07-11,152321.21459196694,Support
7837,58b86cf3-356c-47ee-b865-550114712c59,Gary Glenn Md,19.0,brian30@atkins.info,2009-08-25,123431.32191140768,Engineering
7845,243d520b-28fe-4714-8411-92314b0bbc7c,Shari Weaver,65.0,jimenezamanda@wallace-thomas.org,1971-08-30,32623.0,Support
7867,5f640f1a-6500-404f-b207-7be9a0ff652b,Edward Johnson,69.0,david12@spencer.info,2016-01-16,107499.0,HR
7873,a12b0e2b-3911-423c-be38-080b56787fa2,Justin Riddle,28.0,fsanchez@mcdonald-morris.info,2019-02-19,36097.430599392304,Support
7878,8b43be0d-fcf9-42ad-8f4c-4a568a2778e4,Kaitlin Blanchardhowever,48.0,melissa23@berg.com,2016-09-28,85835.0,Engineering
7903,35b4152e-03bf-4c04-b7aa-4fd682e932a0,Alexis Duncan,54.0,ldelgado@mendoza.com,1985-10-10,80099.0,Marketing
7915,53d98af4-e66a-416f-874a-f8272614bc5e,Alyssa Henderson,45.0,williamlin@meyers.com,1996-11-23,40673.5973376564,Support
7918,38e1c803-46cc-4c73-8a64-c19069867f82,Christine Carter,74.0,gavinorozco@young.org,2023-02-26,124786.0,Sales
7939,ac03a9fe-785e-4add-9e6e-385bf834482b,Rebecca Martin,32.0,robin84@richardson-grant.org,2021-06-09,88944.0,Support
7942,00ac2b1c-dcc9-4e5f-a72a-b5c5e0fe092e,Tammy Thomasbudget,83.0,vaughnmatthew@moyer-walton.com,1991-08-13,63500.0,Marketing
7950,778e4f80-ed9d-4ec7-87c3-0e8c462d93e4,William Joyce,18.0,teresa64@campbell.info,1975-12-31,171320.2447566359,Engineering
7974,11fe1d96-97b1-4302-a359-a42d146daac3,Lee Lambert,39.0,housetammy@weber.com,2005-11-21,119945.0,HR
7978,a68cc6dc-3a38-4eac-b597-1b528ce7999d,Amber Bright,53.0,alexisoneal@nielsen.org,1980-03-29,58116.0,Support
7990,c94249e8-4487-4a92-8c37-1253016d5074,Brian Le,70.0,megan66@white.com,1990-12-27,82818.9922106815,Marketing
7993,93ce5f96-30db-49ca-8356-0a7dd564fd5e,Sarah Perez,81.0,jeffreymccarthy@sandoval.info,1977-09-22,72925.0,Support
8043,2466f392-6eaa-4ed8-b26f-b2ad8ef565a0,Russell Washingtonspring,71.0,rowebrianna@mitchell-taylor.net,2017-01-10,140962.0,Engineering
8044,871e7385-46e5-42d0-9940-99bb4de64d24,Benjamin Washington,61.0,acooper@williamson-harris.com,2001-03-20,64305.0,Support
8047,dc942606-8fe6-42fa-9e7b-4debc4ff87bf,Yolanda Barnett,32.0,bshepard@warren.com,1991-06-17,141874.0,Marketing
8054,d42a3833-26ee-4226-badd-eb802724ce08,Alexis Joyce,47.0,jorgeroberts@scott.com,1985-05-25,112070.80848574244,Engineering
8060,b38ffeb9-2cbb-49a5-8271-6833b6694922,Jeffrey Roberts,54.0,egardner@francis.com,2002-07-10,110164.0,Engineering
8107,4048215a-53d9-4b0a-a6d3-ea974877db93,John Faulkner,45.0,egarcia@leach.net,1999-12-16,37324.0,Support
8114,d3be9b5e-8e85-49bf-85d7-9ff2affa1546,Matthew Hawkins,76.0,tcooper@hanna.com,1994-01-18,97562.0,Marketing
8127,39261767-b085-44fc-8fee-d1bc3acea234,Kenneth Carter,18.0,kellymatthew@rich.com,1973-02-16,126303.0,Sales
8190,4e5ebf3f-2e59-4f03-9af1-090fa7d65f80,Stephanie Lewisarea,66.0,perezkaren@morrow-kennedy.com,1982-01-04,135130.56146726097,Sales
8192,b2cb2f40-fca4-40f7-93ae-dcb49771645a,Matthew Rodriguez,24.0,richard75@charles-leonard.net,1992-06-04,136005.0,Support
8237,54c2f7f0-08c9-43e6-9224-bae3972bf716,Daniel Smithher,64.0,ojohnson@mitchell.biz,1988-11-20,135203.0,Engineering
8254,53203e7b-392d-4a29-8042-35109365258b,Laura Ortega,38.0,hayeschristopher@velasquez.net,2019-12-02,102788.93530168929,Sales
8256,c106bbaa-5aef-45fa-9f57-4a0e00773b0f,Ashley Johnsonrelate,28.0,alanbennett@coleman-steele.com,1996-07-25,88144.0,Marketing
8448,9e10f1cd-e948-41bd-86ea-4410a2914ea9,Catherine Hodges,84.0,dnguyen@scott.com,2009-11-18,105085.0,HR
8539,34bcc755-55e2-4494-8048-70520f5ad6c9,Jeffrey Silva,31.0,townsendlinda@mccoy-graves.com,2013-05-09,93740.0,Engineering
8547,c19f9d60-833c-4d60-b0e0-fbfdf00f9c50,Timothy Moss,24.0,morganchristy@hoffman.com,1996-10-25,104291.0,Engineering
8550,a9908d53-fc7f-43e9-a59e-160724d0a382,Kathy Evans,47.0,elijah90@khan.net,1996-02-25,114330.0,Support
8556,2735c93d-9eac-4385-baf1-cc4933ce73f7,Daniel Robinson,25.0,davilakyle@white.com,1979-01-25,54687.0,Sales
8581,a14e840c-eb39-41f0-b062-d6ab547e148a,Laura Yu,47.0,meredithpalmer@wilkinson-mason.com,2018-09-22,135018.0,HR
8584,a0bf2b46-7c5c-4de2-92a5-1263daf0f807,Christina Powell,54.0,heather36@mcneil-lawson.com,1988-09-06,143698.0,Support
8588,1eb0bb4d-5430-415a-b42e-02aeb84e5ca8,Brian Hinesevidence,41.0,timothy13@thornton.net,1993-05-13,121719.0,Support
8597,acaf6740-4fa5-45ed-9004-4523f4913b4d,Joshua Murphy,26.0,qjenkins@hunter.com,1994-11-10,123349.34253741756,Engineering
8643,0a37798d-e0d4-4022-8253-d50699ebc403,Paul Guzmanafter,64.0,smithfrank@collier.com,2009-07-20,108214.0,Engineering
8695,04c6a1ec-315f-435e-9d15-0a2c23ff3db9,Donna Rivera,77.0,paulwilson@ingram.com,2013-01-30,114017.0,HR
8744,103162f8-e61f-4fc2-9103-24385a0aba01,Brandon Coleman,59.0,jerrycarroll@mendoza.com,2021-02-26,108156.0,Marketing
8746,b2bb0277-f9ce-45a4-8439-aad6e4f6c16c,Amber Larson,70.0,browntammy@mccall-preston.biz,1972-07-09,74600.0,Sales
8749,cb50928f-ed4a-40ee-95e8-357c2d481e50,Cody Ellis,22.0,christophercruz@flowers-smith.org,1980-04-18,140810.2655211103,Sales
8761,60d0fdd6-9602-4361-97d6-0b11b5c65dae,Sarah Garrett,59.0,wilsonvalerie@garcia-smith.com,1973-09-29,123406.0,Marketing
8776,7e199a9a-0b0b-41cc-bbe1-264cf691d0d5,Ashley Boyerworker,53.0,kperkins@gonzalez-hughes.org,1975-12-25,130349.0,HR
8781,b7f45266-73dd-41b8-8988-780d5258dcee,Emma Parker Md,82.0,taylorjesus@nelson.com,2006-10-08,83557.0,HR
8816,ba6af1b3-26b2-4bad-992f-0f09ce1404b2,Dan Pierce,77.0,jessicawilson@jarvis.com,2002-02-21,149698.59777863626,Support
8840,18503726-c57a-4045-b8f8-7bcb3a4d9b6e,Jeffrey Bradley,33.0,millerchristopher@bradley.com,1970-09-27,105408.40542996782,Support
8842,8382a829-bf54-4d23-b55a-e862420ed632,Allison Hunt,62.0,dcobb@lang-campbell.com,2011-10-10,104253.0,Sales
8860,de16d48a-9ab8-43c9-9059-c00abb19b3fd,Megan Stokes,37.0,allisonrobert@sims-campos.net,1985-01-28,45162.0,Engineering
8866,a98c9a12-4081-4c44-ace1-0d79628f1f6a,Joseph Whitaker,86.0,robinzuniga@powell-marks.org,1983-02-08,49776.0,Marketing
8886,75a22683-eab2-4f95-a614-89cd8f67e22b,Sarah Bell,88.0,tyler01@chase.com,2016-04-19,138899.0,HR
8911,f86db014-0f87-4c28-8add-810b244c9c80,Vanessa Cisnerosremain,77.0,perkinsjohn@sims.org,2019-04-27,75084.0,Marketing
8946,6d90f55d-4446-40f6-96ce-55ef721e77ae,Andrew Stonesecurity,68.0,mosleyelizabeth@perez-shaw.com,2011-01-09,141146.0,Marketing
8981,6f435b54-9a99-4313-890b-9643ea1297ed,John Martin,57.0,gkennedy@jones.com,1999-07-29,118922.0,Sales
8985,7e933c71-edc4-43d3-bcb7-74e0bb114209,Denise Rodgers,88.0,tiffanyhernandez@smith.com,2023-03-04,64774.0,Support
9061,9eb21c00-819d-4e12-91f8-1aca781cbfe8,Tina Meyerair,63.0,adrianbolton@frederick.com,1975-10-09,51304.0,HR
9070,633b8625-f872-4fcc-8ec0-15fd0eb091c7,Dean Grant,47.0,omendoza@taylor.com,2008-09-28,38921.0,Support
9081,1336ab92-259b-4ef7-be7a-839c4219d4bd,Priscilla Waters,20.0,andrewmedina@barnett-thomas.com,2021-09-13,30412.0,Engineering
9091,69054b64-93d4-4699-99f9-03dd826ec061,April Parker,62.0,victoriasims@bennett.com,2009-04-20,165560.14318205323,Sales
9146,b49c6882-0145-4e40-8546-9f39e215ee71,Geoffrey Kelly,79.0,andrea35@horton.com,1999-12-26,121391.0,Sales
9182,cf2a2a90-1c9e-45d1-941a-20ce574ab628,Jacqueline White,70.0,idavis@rodriguez.info,2000-03-10,109121.0,HR
9207,cd00b0d6-e817-43ab-8c8b-61293b90e5a6,Blake Campos,32.0,kimgarcia@price-lloyd.com,2004-10-21,152613.6661862784,Sales
9242,c07060ff-1d17-4285-b36e-99b29152ab61,Chris Jones,36.0,mary82@harmon-thompson.com,1998-06-12,93994.0,HR
9246,6c312ca3-20a2-4c24-b4eb-a79e220e5432,Emily Mitchell,86.0,sarnold@ray.com,1992-07-11,85305.20993371609,Sales
9305,2ff13f81-b067-4c3e-ba3d-e955b751ecca,Rachel Schmitt,48.0,hamiltonheidi@ruiz.com,1985-01-10,114552.0,HR
9359,11142875-7f5e-4816-8105-7425d8e9fdfc,Charles Cherry,22.0,cassidy63@riley.info,2010-02-28,62657.0,Sales
9367,b1658389-a562-400d-8a83-1df661e492a8,Vanessa Jones,79.0,evelyn63@walter.com,2017-10-22,56698.889389744094,HR
9370,393fc008-dd8b-4f12-9e5a-294f6b4565fb,Ashley Coxthrough,55.0,kellylee@mcneil.info,1984-10-18,126326.0,Sales
9384,cf029ff7-c997-4c7a-9fca-1f04dfcd8b20,Andrew Morales,47.0,bryantracey@moreno-mcconnell.net,2010-11-10,114628.0,Support
9425,544f720d-0bd1-4deb-b15e-ed77d5e1292c,Amber Stewart,73.0,pgarcia@ballard.com,1980-04-26,147574.0,Sales
9452,e271faae-b4bd-4871-87e8-a3e9599d04b8,Thomas Hamptoneasy,31.0,kimberlyreeves@holloway.com,1974-07-03,73510.0,Support
9466,2df04e8f-36a4-4b65-815b-10cbb63f6484,Richard Hawkins,62.0,dustin50@porter-henry.info,1991-05-29,112353.1263209334,HR
9467,f4e20a9f-a04d-45b3-8fd9-5f8787f37845,Carlos Kline,62.0,mackenzie96@gordon.net,1984-02-09,141665.0,Sales
9476,399c7684-9022-40e8-8fc6-4ccaac6d1903,Erik Sanchezname,56.0,danny42@cuevas.com,1970-06-28,87637.95811429199,HR
9494,75ec0adf-1949-4903-a6e8-ee451aee7f73,Shawn Villegas Md,31.0,brewerlauren@davis.com,1990-05-18,83079.0,Marketing
9496,5923fc19-0697-4e68-b111-4d086df66241,Robin White,42.0,jamie21@vaughn.biz,1973-06-13,100652.0,HR
9497,8500ea6b-9f78-4666-9b7e-8281f94f0d5f,Glen Lee,24.0,caleb06@gibson-miller.com,1994-02-26,158529.72215270306,Support
9500,257ad20e-35f1-4ca5-9929-7101a38d586c,Chloe Rosario,39.0,andrew89@martin.com,1985-04-27,93148.0,Sales
9597,d57969d1-7429-4fb6-beb0-7f0ed7deda05,David Hernandez,52.0,laceymurray@brown-lucas.com,1980-11-24,66614.0,HR
9629,e9f4a46d-955b-402e-8ae0-e73304297c07,Elizabeth Williamsonidea,36.0,dsimpson@morales.com,2007-03-17,148815.0,Support
9637,c01172ee-24b1-4beb-a2ae-a6e2ff487239,Karen Alexandermemory,46.0,william91@lawson.com,1977-03-14,135147.0,Engineering
9714,35f919c3-f9a3-47ad-b67e-3dfc8cdf6762,Jeffrey Hernandez,28.0,phelpsdeanna@crawford-le.info,2018-05-20,61255.0,Engineering
9717,abd75e24-b4a0-4a73-820c-d928469e5e1e,Nicole Bryant,79.0,angela05@owens.com,1998-05-17,61628.0,Support
9722,cdfdb1b2-3772-42c8-9716-48fbf4d68f24,Samuel Grantjust,38.0,whiteerin@cisneros-james.org,1999-12-13,78889.0,Support
9745,eefe9ac7-3ae7-40aa-ba1e-551ba6aef881,Daniel Arellano,49.0,beardashley@gonzales-bauer.com,1981-02-06,118413.0,Marketing
9752,1186cdff-ef30-453c-9b73-d586383a60ad,Ashley Lee Phd,22.0,garrettmeghan@barber-scott.com,1973-10-15,145859.0,Marketing
9766,6b6b466c-7390-40c4-bc66-a91fff427291,Benjamin Zamora,19.0,stephanie87@mcmahon.com,1983-07-07,50410.0,Sales
9781,9c7de805-3fa1-4589-85e9-d3621fa443a7,Carol Diaz,54.0,colson@rodriguez-clark.com,1988-10-29,73606.44829284826,Marketing
9800,b3a2ebca-8d8d-49bf-821e-810022d391ea,Benjamin Key,77.0,david65@lambert-jenkins.com,2006-12-08,32357.0,HR
9833,8f681e65-ceed-495b-93d9-3976930e75cf,Anthony Morgan,37.0,nfowler@cherry-reilly.org,1975-11-16,92646.0,Marketing
9845,df0b02c1-a5cd-4247-8123-c7f7c4e2341b,Rhonda Fisher,69.0,ediaz@jones-romero.org,1979-11-08,64969.0,Marketing
9849,3f774066-133f-4ff8-80c9-cd38a43e5afe,Gregory Parrish,24.0,robinsonaaron@wilson-harris.net,1989-05-31,60049.0,Engineering
9869,ea328bdb-3983-4cec-8b84-72941191be7f,Heather Cross,35.0,thomasanderson@gregory.com,2001-10-25,74092.0,Marketing
9870,98bcdaa7-1e05-417f-8b40-4332442f1204,Pamela Mitchell,72.0,hthompson@skinner.com,2004-12-20,67865.0,Marketing
9875,1201789a-0c3f-479a-b269-8946f38be155,Stephanie Martinez,37.0,gsalazar@best.info,1990-03-18,100562.0,Engineering
9953,c257b12b-5902-41cd-b660-36993aec5c7f,Edward Wells,55.0,kroberts@price-brock.net,2016-02-11,49165.0,Marketing
9973,f951c030-7e92-4937-a4af-c3b63083600f,Meredith Carter,24.0,margaretclark@watson-gordon.com,1999-05-04,121780.0,Marketing
9986,aacab7ca-1b23-4d64-b22f-a80c6fb65873,Monica Day,86.0,adamstiffany@jackson-williams.com,1979-11-09,110337.0,Support
8584,a0bf2b46-7c5c-4de2-92a5-1263daf0f807,Christina Powell,54.0,heather36@mcneil-lawson.com,1990-03-25,143698.0,Support
875,1ea20a24-165f-4553-9698-aa4ef57d486d,Jasmin Bell Dvmsize,70.0,kunderwood@ruiz.com,2017-02-19,57482.82642034947,Support
7706,54f0091e-280c-4d65-9d77-227c908b31d8,Maurice Mack,64.0,johnsonjacqueline@riggs.biz,1981-12-13,76191.66386129572,HR
2722,1d8747e1-ec2d-419d-9f49-879644e82487,Jessica Stevens,18.0,manncarl@dixon-martinez.com,2016-04-30,138632.0,Engineering
3842,cefaf1b0-9408-41a7-a249-e4876f8dbe31,Peter Chapman,74.0,nicole27@kennedy-jones.com,2015-12-19,71476.6549936713,Engineering
7122,0384957f-6bde-4234-a5b2-6e63be63170a,Christine Brown,44.0,unguyen@wells.com,1985-12-26,123249.8332569065,Sales
3662,506c139a-4e22-4634-ae94-cf064b3bad16,Stanley Sullivan,34.0,natashajohnson@williams-arellano.com,1997-10-10,66630.0,Engineering
2662,aa15b20c-d478-4770-a896-9cc17cc32f42,Connie Brown,80.0,weverett@davis-ramirez.com,2022-10-08,68308.0,Support
6732,126d1500-9869-44ae-92c4-c818a2b57d93,Dave Jimenez,85.0,leesharon@cantrell.com,1976-03-09,113129.0,HR
2102,8e9e0d6c-338a-4d8f-9a9f-af0d1032f5ca,Veronica Duncan,74.0,hansonwilliam@lopez-williams.com,1997-10-29,111328.0138983748,Engineering
9911,68501623-f32c-417f-bd05-5045360ff55a,Ashley Johnsonperhaps,72.0,rebeccajones@martinez.com,2018-04-05,144804.0,HR
5711,0e8efa97-33ca-4b0d-b234-6d818dfe6008,Terri White,53.0,warrenholly@jones-russo.com,2004-11-13,144565.0,Marketing
122,8da4b611-0237-4b52-87a6-26b3a6773002,Neil Mooreenvironment,54.0,wrightchristopher@benson.net,2000-01-15,98559.0,Sales
5648,365336b3-c538-4367-b979-552df6e3d193,Kenneth Yang,46.0,corey56@sutton.com,2009-01-03,89491.67622789118,Marketing
3823,9fe097ed-9e1d-479e-b3bf-d4206a8d1ec7,David Wall,33.0,kennethtaylor@cannon.com,1988-03-12,118641.0,Sales
8595,6adb503f-5d72-4f4e-853c-c99460925c95,Thomas Gibson,59.0,dowens@mills-richardson.info,1971-09-16,77164.0,Sales
5519,1cba9ced-e11f-49fc-863d-84af9fc92f76,Courtney Hall,74.0,eferguson@ortiz.com,2021-10-12,130747.52667567568,Support
4495,241c9569-4616-4425-9963-eb7000d9cceb,Ronald Harris,46.0,reyeselizabeth@scott.com,2011-01-01,68299.34683266094,Support
249,7e4251d8-b28c-44cf-a6fb-87b6220f10ef,Christine Morris,54.0,sarah26@white.biz,2022-02-04,53141.0,HR
5397,5958ff59-8688-49d2-a37d-7be47b0e3ee0,Roger Collins,40.0,thomaswalton@austin.com,2011-08-08,65877.0,Engineering
9642,51f4d738-cd56-4bb0-acb7-58fdb2c07ac7,Andre Johnsonregion,76.0,kray@jones.com,2011-09-18,60997.0,Sales
934,953f96d9-a994-4f35-a00a-ee495f2199ae,Nicholas Henderson,54.0,heather07@gray.net,2008-07-14,66776.0,Sales
6091,24144960-251c-4ea9-ba51-9b82409191df,April Crosswife,63.0,chadchavez@faulkner.com,2003-03-23,140190.11344457348,Support
3588,430102ee-c0ca-43de-b10f-a88329b044a8,Lori Lyonsdrive,71.0,kimberly45@sullivan.com,2021-11-30,118012.49593182966,Marketing
5147,1a9107a2-c2f1-413a-b005-9b42a6a704f3,Arthur Nelson,89.0,taylorrobert@perry.com,2008-07-05,147620.0,Engineering
8448,9e10f1cd-e948-41bd-86ea-4410a2914ea9,Catherine Hodges,84.0,dnguyen@scott.com,2023-02-25,105085.0,HR
1561,509ba803-b8dc-4b72-933d-fd49fd0a6ff8,Brittany Roberts,85.0,macdonaldbryan@olson-carr.com,1998-01-18,137427.0,Engineering
9956,47f408c8-c6e1-4c59-a9bd-c080526fa46f,Douglas Love,80.0,marie19@king.org,2002-05-29,67393.0,Sales
8270,e77c9d57-8a74-4eb1-bc63-5c57dacedcac,Nathaniel Smith,87.0,cynthiamorales@mckenzie.net,2021-07-30,113765.0,Support
8038,d9eb18f7-d981-4676-96ba-fa7438badcc4,Lori Rivera,22.0,leeraymond@marsh.com,1982-06-24,105275.0,Sales
5511,3cd795d1-de1a-4227-a2c5-f8e61b9f6a8b,Lisa Becker,67.0,madelineriley@harris.com,1978-07-02,50156.0,Marketing
3775,9ca4756f-e6dc-49ec-a56a-794e537e6e60,Jennifer Davidson,36.0,pamelaarnold@obrien.net,2013-10-01,67270.0,Sales
9144,27319eaf-cc81-4595-957b-54ff0a139c30,Kathryn Ramirez,76.0,pamela11@mayo-reed.com,2006-10-13,132344.0,Engineering
9195,c10650e6-087d-4aa0-b6c8-e23a9bc54a20,Anna Stark,34.0,michael26@thomas-benson.com,2001-10-29,42177.0,Engineering
1452,ac20dc9a-7ddf-440a-8d21-b21fc0a094a6,Cathy Carter,54.0,johnsonamanda@moreno.info,1996-09-13,54588.0,HR
7826,ed19c966-d6d8-4047-b410-b6e595a39340,Stephanie Riossell,54.0,robert96@pollard-frye.com,2006-08-15,122609.59414897452,HR
